sirka_listku,delka_listku,druh,delka_kalisniho_listku
0.2,1.4,setosa,5.1
0.2,1.4,setosa,4.9
0.2,1.3,setosa,4.7
0.2,1.5,setosa,4.6
0.2,1.4,setosa,5
0.4,1.7,setosa,5.4
0.3,1.4,setosa,4.6
0.2,1.5,setosa,5
0.2,1.4,setosa,4.4
0.1,1.5,setosa,4.9
0.2,1.5,setosa,5.4
0.2,1.6,setosa,4.8
0.1,1.4,setosa,4.8
0.1,1.1,setosa,4.3
0.2,1.2,setosa,5.8
0.4,1.5,setosa,5.7
0.4,1.3,setosa,5.4
0.3,1.4,setosa,5.1
0.3,1.7,setosa,5.7
0.3,1.5,setosa,5.1
0.2,1.7,setosa,5.4
0.4,1.5,setosa,5.1
0.2,1,setosa,4.6
0.5,1.7,setosa,5.1
0.2,1.9,setosa,4.8
0.2,1.6,setosa,5
0.4,1.6,setosa,5
0.2,1.5,setosa,5.2
0.2,1.4,setosa,5.2
0.2,1.6,setosa,4.7
0.2,1.6,setosa,4.8
0.4,1.5,setosa,5.4
0.1,1.5,setosa,5.2
0.2,1.4,setosa,5.5
0.2,1.5,setosa,4.9
0.2,1.2,setosa,5
0.2,1.3,setosa,5.5
0.1,1.4,setosa,4.9
0.2,1.3,setosa,4.4
0.2,1.5,setosa,5.1
0.3,1.3,setosa,5
0.3,1.3,setosa,4.5
0.2,1.3,setosa,4.4
0.6,1.6,setosa,5
0.4,1.9,setosa,5.1
0.3,1.4,setosa,4.8
0.2,1.6,setosa,5.1
0.2,1.4,setosa,4.6
0.2,1.5,setosa,5.3
0.2,1.4,setosa,5
1.4,4.7,versicolor,7
1.5,4.5,versicolor,6.4
1.5,4.9,versicolor,6.9
1.3,4,versicolor,5.5
1.5,4.6,versicolor,6.5
1.3,4.5,versicolor,5.7
1.6,4.7,versicolor,6.3
1,3.3,versicolor,4.9
1.3,4.6,versicolor,6.6
1.4,3.9,versicolor,5.2
1,3.5,versicolor,5
1.5,4.2,versicolor,5.9
1,4,versicolor,6
1.4,4.7,versicolor,6.1
1.3,3.6,versicolor,5.6
1.4,4.4,versicolor,6.7
1.5,4.5,versicolor,5.6
1,4.1,versicolor,5.8
1.5,4.5,versicolor,6.2
1.1,3.9,versicolor,5.6
1.8,4.8,versicolor,5.9
1.3,4,versicolor,6.1
1.5,4.9,versicolor,6.3
1.2,4.7,versicolor,6.1
1.3,4.3,versicolor,6.4
1.4,4.4,versicolor,6.6
1.4,4.8,versicolor,6.8
1.7,5,versicolor,6.7
1.5,4.5,versicolor,6
1,3.5,versicolor,5.7
1.1,3.8,versicolor,5.5
1,3.7,versicolor,5.5
1.2,3.9,versicolor,5.8
1.6,5.1,versicolor,6
1.5,4.5,versicolor,5.4
1.6,4.5,versicolor,6
1.5,4.7,versicolor,6.7
1.3,4.4,versicolor,6.3
1.3,4.1,versicolor,5.6
1.3,4,versicolor,5.5
1.2,4.4,versicolor,5.5
1.4,4.6,versicolor,6.1
1.2,4,versicolor,5.8
1,3.3,versicolor,5
1.3,4.2,versicolor,5.6
1.2,4.2,versicolor,5.7
1.3,4.2,versicolor,5.7
1.3,4.3,versicolor,6.2
1.1,3,versicolor,5.1
1.3,4.1,versicolor,5.7
2.5,6,virginica,6.3
1.9,5.1,virginica,5.8
2.1,5.9,virginica,7.1
1.8,5.6,virginica,6.3
2.2,5.8,virginica,6.5
2.1,6.6,virginica,7.6
1.7,4.5,virginica,4.9
1.8,6.3,virginica,7.3
1.8,5.8,virginica,6.7
2.5,6.1,virginica,7.2
2,5.1,virginica,6.5
1.9,5.3,virginica,6.4
2.1,5.5,virginica,6.8
2,5,virginica,5.7
2.4,5.1,virginica,5.8
2.3,5.3,virginica,6.4
1.8,5.5,virginica,6.5
2.2,6.7,virginica,7.7
2.3,6.9,virginica,7.7
1.5,5,virginica,6
2.3,5.7,virginica,6.9
2,4.9,virginica,5.6
2,6.7,virginica,7.7
1.8,4.9,virginica,6.3
2.1,5.7,virginica,6.7
1.8,6,virginica,7.2
1.8,4.8,virginica,6.2
1.8,4.9,virginica,6.1
2.1,5.6,virginica,6.4
1.6,5.8,virginica,7.2
1.9,6.1,virginica,7.4
2,6.4,virginica,7.9
2.2,5.6,virginica,6.4
1.5,5.1,virginica,6.3
1.4,5.6,virginica,6.1
2.3,6.1,virginica,7.7
2.4,5.6,virginica,6.3
1.8,5.5,virginica,6.4
1.8,4.8,virginica,6
2.1,5.4,virginica,6.9
2.4,5.6,virginica,6.7
2.3,5.1,virginica,6.9
1.9,5.1,virginica,5.8
2.3,5.9,virginica,6.8
2.5,5.7,virginica,6.7
2.3,5.2,virginica,6.7
1.9,5,virginica,6.3
2,5.2,virginica,6.5
2.3,5.4,virginica,6.2
1.8,5.1,virginica,5.9
