bill_length_mm,flipper_length_mm,body_mass_g
39.1,181,3750
39.5,186,3800
40.3,195,3250
,,
36.7,193,3450
39.3,190,3650
38.9,181,3625
39.2,195,4675
34.1,193,3475
42,190,4250
37.8,186,3300
37.8,180,3700
41.1,182,3200
38.6,191,3800
34.6,198,4400
36.6,185,3700
38.7,195,3450
42.5,197,4500
34.4,184,3325
46,194,4200
37.8,174,3400
37.7,180,3600
35.9,189,3800
38.2,185,3950
38.8,180,3800
35.3,187,3800
40.6,183,3550
40.5,187,3200
37.9,172,3150
40.5,180,3950
39.5,178,3250
37.2,178,3900
39.5,188,3300
40.9,184,3900
36.4,195,3325
39.2,196,4150
38.8,190,3950
42.2,180,3550
37.6,181,3300
39.8,184,4650
36.5,182,3150
40.8,195,3900
36,186,3100
44.1,196,4400
37,185,3000
39.6,190,4600
41.1,182,3425
37.5,179,2975
36,190,3450
42.3,191,4150
39.6,186,3500
40.1,188,4300
35,190,3450
42,200,4050
34.5,187,2900
41.4,191,3700
39,186,3550
40.6,193,3800
36.5,181,2850
37.6,194,3750
35.7,185,3150
41.3,195,4400
37.6,185,3600
41.1,192,4050
36.4,184,2850
41.6,192,3950
35.5,195,3350
41.1,188,4100
35.9,190,3050
41.8,198,4450
33.5,190,3600
39.7,190,3900
39.6,196,3550
45.8,197,4150
35.5,190,3700
42.8,195,4250
40.9,191,3700
37.2,184,3900
36.2,187,3550
42.1,195,4000
34.6,189,3200
42.9,196,4700
36.7,187,3800
35.1,193,4200
37.3,191,3350
41.3,194,3550
36.3,190,3800
36.9,189,3500
38.3,189,3950
38.9,190,3600
35.7,202,3550
41.1,205,4300
34,185,3400
39.6,186,4450
36.2,187,3300
40.8,208,4300
38.1,190,3700
40.3,196,4350
33.1,178,2900
43.2,192,4100
35,192,3725
41,203,4725
37.7,183,3075
37.8,190,4250
37.9,193,2925
39.7,184,3550
38.6,199,3750
38.2,190,3900
38.1,181,3175
43.2,197,4775
38.1,198,3825
45.6,191,4600
39.7,193,3200
42.2,197,4275
39.6,191,3900
42.7,196,4075
38.6,188,2900
37.3,199,3775
35.7,189,3350
41.1,189,3325
36.2,187,3150
37.7,198,3500
40.2,176,3450
41.4,202,3875
35.2,186,3050
40.6,199,4000
38.8,191,3275
41.5,195,4300
39,191,3050
44.1,210,4000
38.5,190,3325
43.1,197,3500
36.8,193,3500
37.5,199,4475
38.1,187,3425
41.1,190,3900
35.6,191,3175
40.2,200,3975
37,185,3400
39.7,193,4250
40.2,193,3400
40.6,187,3475
32.1,188,3050
40.7,190,3725
37.3,192,3000
39,185,3650
39.2,190,4250
36.6,184,3475
36,195,3450
37.8,193,3750
36,187,3700
41.5,201,4000
46.1,211,4500
50,230,5700
48.7,210,4450
50,218,5700
47.6,215,5400
46.5,210,4550
45.4,211,4800
46.7,219,5200
43.3,209,4400
46.8,215,5150
40.9,214,4650
49,216,5550
45.5,214,4650
48.4,213,5850
45.8,210,4200
49.3,217,5850
42,210,4150
49.2,221,6300
46.2,209,4800
48.7,222,5350
50.2,218,5700
45.1,215,5000
46.5,213,4400
46.3,215,5050
42.9,215,5000
46.1,215,5100
44.5,216,4100
47.8,215,5650
48.2,210,4600
50,220,5550
47.3,222,5250
42.8,209,4700
45.1,207,5050
59.6,230,6050
49.1,220,5150
48.4,220,5400
42.6,213,4950
44.4,219,5250
44,208,4350
48.7,208,5350
42.7,208,3950
49.6,225,5700
45.3,210,4300
49.6,216,4750
50.5,222,5550
43.6,217,4900
45.5,210,4200
50.5,225,5400
44.9,213,5100
45.2,215,5300
46.6,210,4850
48.5,220,5300
45.1,210,4400
50.1,225,5000
46.5,217,4900
45,220,5050
43.8,208,4300
45.5,220,5000
43.2,208,4450
50.4,224,5550
45.3,208,4200
46.2,221,5300
45.7,214,4400
54.3,231,5650
45.8,219,4700
49.8,230,5700
46.2,214,4650
49.5,229,5800
43.5,220,4700
50.7,223,5550
47.7,216,4750
46.4,221,5000
48.2,221,5100
46.5,217,5200
46.4,216,4700
48.6,230,5800
47.5,209,4600
51.1,220,6000
45.2,215,4750
45.2,223,5950
49.1,212,4625
52.5,221,5450
47.4,212,4725
50,224,5350
44.9,212,4750
50.8,228,5600
43.4,218,4600
51.3,218,5300
47.5,212,4875
52.1,230,5550
47.5,218,4950
52.2,228,5400
45.5,212,4750
49.5,224,5650
44.5,214,4850
50.8,226,5200
49.4,216,4925
46.9,222,4875
48.4,203,4625
51.1,225,5250
48.5,219,4850
55.9,228,5600
47.2,215,4975
49.1,228,5500
47.3,216,4725
46.8,215,5500
41.7,210,4700
53.4,219,5500
43.3,208,4575
48.1,209,5500
50.5,216,5000
49.8,229,5950
43.5,213,4650
51.5,230,5500
46.2,217,4375
55.1,230,5850
44.5,217,4875
48.8,222,6000
47.2,214,4925
,,
46.8,215,4850
50.4,222,5750
45.2,212,5200
49.9,213,5400
46.5,192,3500
50,196,3900
51.3,193,3650
45.4,188,3525
52.7,197,3725
45.2,198,3950
46.1,178,3250
51.3,197,3750
46,195,4150
51.3,198,3700
46.6,193,3800
51.7,194,3775
47,185,3700
52,201,4050
45.9,190,3575
50.5,201,4050
50.3,197,3300
58,181,3700
46.4,190,3450
49.2,195,4400
42.4,181,3600
48.5,191,3400
43.2,187,2900
50.6,193,3800
46.7,195,3300
52,197,4150
50.5,200,3400
49.5,200,3800
46.4,191,3700
52.8,205,4550
40.9,187,3200
54.2,201,4300
42.5,187,3350
51,203,4100
49.7,195,3600
47.5,199,3900
47.6,195,3850
52,210,4800
46.9,192,2700
53.5,205,4500
49,210,3950
46.2,187,3650
50.9,196,3550
45.5,196,3500
50.9,196,3675
50.8,201,4450
50.1,190,3400
49,212,4300
51.5,187,3250
49.8,198,3675
48.1,199,3325
51.4,201,3950
45.7,193,3600
50.7,203,4050
42.5,187,3350
52.2,197,3450
45.2,191,3250
49.3,203,4050
50.2,202,3800
45.6,194,3525
51.9,206,3950
46.8,189,3650
45.7,195,3650
55.8,207,4000
43.5,202,3400
49.6,193,3775
50.8,210,4100
50.2,198,3775
